"1",0,0,0.991282115456122,"Stomach Adenocarcinoma","Blood Derived Normal"
"2",0,0.0294117647058824,0.986003928341046,"Stomach Adenocarcinoma","Blood Derived Normal"
"3",0,0.0588235294117647,0.978438124318741,"Stomach Adenocarcinoma","Blood Derived Normal"
"4",0,0.0882352941176471,0.977873723656248,"Stomach Adenocarcinoma","Blood Derived Normal"
"5",0,0.117647058823529,0.977786903764526,"Stomach Adenocarcinoma","Blood Derived Normal"
"6",0,0.147058823529412,0.962690205509052,"Stomach Adenocarcinoma","Blood Derived Normal"
"7",0.00193050193050193,0.147058823529412,0.951033425495926,"Stomach Adenocarcinoma","Blood Derived Normal"
"8",0.00193050193050193,0.176470588235294,0.94748224482703,"Stomach Adenocarcinoma","Blood Derived Normal"
"9",0.00386100386100386,0.176470588235294,0.9450437977104,"Stomach Adenocarcinoma","Blood Derived Normal"
"10",0.00386100386100386,0.205882352941176,0.944583147686518,"Stomach Adenocarcinoma","Blood Derived Normal"
"11",0.00579150579150579,0.205882352941176,0.936547858544295,"Stomach Adenocarcinoma","Blood Derived Normal"
"12",0.00579150579150579,0.235294117647059,0.923484965897006,"Stomach Adenocarcinoma","Blood Derived Normal"
"13",0.00772200772200772,0.235294117647059,0.91818832327904,"Stomach Adenocarcinoma","Blood Derived Normal"
"14",0.00965250965250965,0.235294117647059,0.899834356909583,"Stomach Adenocarcinoma","Blood Derived Normal"
"15",0.00965250965250965,0.264705882352941,0.892780490976221,"Stomach Adenocarcinoma","Blood Derived Normal"
"16",0.0115830115830116,0.264705882352941,0.860594312083605,"Stomach Adenocarcinoma","Blood Derived Normal"
"17",0.0115830115830116,0.294117647058824,0.834726430103498,"Stomach Adenocarcinoma","Blood Derived Normal"
"18",0.0115830115830116,0.323529411764706,0.819054134945463,"Stomach Adenocarcinoma","Blood Derived Normal"
"19",0.0135135135135135,0.323529411764706,0.79931714569289,"Stomach Adenocarcinoma","Blood Derived Normal"
"20",0.0135135135135135,0.352941176470588,0.77094968458377,"Stomach Adenocarcinoma","Blood Derived Normal"
"21",0.0135135135135135,0.382352941176471,0.763946570474428,"Stomach Adenocarcinoma","Blood Derived Normal"
"22",0.0154440154440154,0.382352941176471,0.762408999252892,"Stomach Adenocarcinoma","Blood Derived Normal"
"23",0.0173745173745174,0.382352941176471,0.753334826565632,"Stomach Adenocarcinoma","Blood Derived Normal"
"24",0.0173745173745174,0.411764705882353,0.73885005110441,"Stomach Adenocarcinoma","Blood Derived Normal"
"25",0.0193050193050193,0.411764705882353,0.725809940999107,"Stomach Adenocarcinoma","Blood Derived Normal"
"26",0.0193050193050193,0.441176470588235,0.724921905969075,"Stomach Adenocarcinoma","Blood Derived Normal"
"27",0.0212355212355212,0.441176470588235,0.724902022731948,"Stomach Adenocarcinoma","Blood Derived Normal"
"28",0.0231660231660232,0.441176470588235,0.701603972283402,"Stomach Adenocarcinoma","Blood Derived Normal"
"29",0.0250965250965251,0.441176470588235,0.695917490063358,"Stomach Adenocarcinoma","Blood Derived Normal"
"30",0.027027027027027,0.441176470588235,0.689899758083623,"Stomach Adenocarcinoma","Blood Derived Normal"
"31",0.028957528957529,0.441176470588235,0.670142148375382,"Stomach Adenocarcinoma","Blood Derived Normal"
"32",0.0308880308880309,0.441176470588235,0.63773906535742,"Stomach Adenocarcinoma","Blood Derived Normal"
"33",0.0328185328185328,0.441176470588235,0.627679768753431,"Stomach Adenocarcinoma","Blood Derived Normal"
"34",0.0347490347490347,0.441176470588235,0.620903696053696,"Stomach Adenocarcinoma","Blood Derived Normal"
"35",0.0366795366795367,0.441176470588235,0.596755448318103,"Stomach Adenocarcinoma","Blood Derived Normal"
"36",0.0386100386100386,0.441176470588235,0.593625234216132,"Stomach Adenocarcinoma","Blood Derived Normal"
"37",0.0405405405405405,0.441176470588235,0.589336993753411,"Stomach Adenocarcinoma","Blood Derived Normal"
"38",0.0424710424710425,0.441176470588235,0.585909336334928,"Stomach Adenocarcinoma","Blood Derived Normal"
"39",0.0444015444015444,0.441176470588235,0.580180542561495,"Stomach Adenocarcinoma","Blood Derived Normal"
"40",0.0444015444015444,0.470588235294118,0.579106448711526,"Stomach Adenocarcinoma","Blood Derived Normal"
"41",0.0463320463320463,0.470588235294118,0.561494331436966,"Stomach Adenocarcinoma","Blood Derived Normal"
"42",0.0482625482625483,0.470588235294118,0.536865368075306,"Stomach Adenocarcinoma","Blood Derived Normal"
"43",0.0501930501930502,0.470588235294118,0.532291834276253,"Stomach Adenocarcinoma","Blood Derived Normal"
"44",0.0521235521235521,0.470588235294118,0.521561999553586,"Stomach Adenocarcinoma","Blood Derived Normal"
"45",0.0521235521235521,0.5,0.520825317544954,"Stomach Adenocarcinoma","Blood Derived Normal"
"46",0.0540540540540541,0.5,0.519040698076247,"Stomach Adenocarcinoma","Blood Derived Normal"
"47",0.0540540540540541,0.529411764705882,0.516209947194176,"Stomach Adenocarcinoma","Blood Derived Normal"
"48",0.055984555984556,0.529411764705882,0.512090336057881,"Stomach Adenocarcinoma","Blood Derived Normal"
"49",0.0579150579150579,0.529411764705882,0.500947202244558,"Stomach Adenocarcinoma","Blood Derived Normal"
"50",0.0598455598455598,0.529411764705882,0.495205967026765,"Stomach Adenocarcinoma","Blood Derived Normal"
"51",0.0617760617760618,0.529411764705882,0.485268667722389,"Stomach Adenocarcinoma","Blood Derived Normal"
"52",0.0617760617760618,0.558823529411765,0.478039286911574,"Stomach Adenocarcinoma","Blood Derived Normal"
"53",0.0637065637065637,0.558823529411765,0.474605199794663,"Stomach Adenocarcinoma","Blood Derived Normal"
"54",0.0656370656370656,0.558823529411765,0.468857708093901,"Stomach Adenocarcinoma","Blood Derived Normal"
"55",0.0675675675675676,0.558823529411765,0.462342714232129,"Stomach Adenocarcinoma","Blood Derived Normal"
"56",0.0675675675675676,0.588235294117647,0.45165949003439,"Stomach Adenocarcinoma","Blood Derived Normal"
"57",0.0675675675675676,0.617647058823529,0.429602900552956,"Stomach Adenocarcinoma","Blood Derived Normal"
"58",0.0694980694980695,0.617647058823529,0.423457067333875,"Stomach Adenocarcinoma","Blood Derived Normal"
"59",0.0714285714285714,0.617647058823529,0.39515180288688,"Stomach Adenocarcinoma","Blood Derived Normal"
"60",0.0733590733590734,0.617647058823529,0.393024300561886,"Stomach Adenocarcinoma","Blood Derived Normal"
"61",0.0733590733590734,0.647058823529412,0.38478928547407,"Stomach Adenocarcinoma","Blood Derived Normal"
"62",0.0752895752895753,0.647058823529412,0.380759463577591,"Stomach Adenocarcinoma","Blood Derived Normal"
"63",0.0772200772200772,0.647058823529412,0.372061486681794,"Stomach Adenocarcinoma","Blood Derived Normal"
"64",0.0791505791505791,0.647058823529412,0.360195335382872,"Stomach Adenocarcinoma","Blood Derived Normal"
"65",0.0810810810810811,0.647058823529412,0.358895484641196,"Stomach Adenocarcinoma","Blood Derived Normal"
"66",0.083011583011583,0.647058823529412,0.349913960421535,"Stomach Adenocarcinoma","Blood Derived Normal"
"67",0.083011583011583,0.676470588235294,0.340295479310683,"Stomach Adenocarcinoma","Blood Derived Normal"
"68",0.0849420849420849,0.676470588235294,0.324156380031568,"Stomach Adenocarcinoma","Blood Derived Normal"
"69",0.0868725868725869,0.676470588235294,0.323484576071337,"Stomach Adenocarcinoma","Blood Derived Normal"
"70",0.0868725868725869,0.705882352941177,0.321746654385022,"Stomach Adenocarcinoma","Blood Derived Normal"
"71",0.0888030888030888,0.705882352941177,0.319914407178651,"Stomach Adenocarcinoma","Blood Derived Normal"
"72",0.0907335907335907,0.705882352941177,0.314359907195675,"Stomach Adenocarcinoma","Blood Derived Normal"
"73",0.0926640926640927,0.705882352941177,0.285279546619484,"Stomach Adenocarcinoma","Blood Derived Normal"
"74",0.0945945945945946,0.705882352941177,0.278743909161006,"Stomach Adenocarcinoma","Blood Derived Normal"
"75",0.0965250965250965,0.705882352941177,0.277486572494635,"Stomach Adenocarcinoma","Blood Derived Normal"
"76",0.0965250965250965,0.735294117647059,0.274660475954893,"Stomach Adenocarcinoma","Blood Derived Normal"
"77",0.0965250965250965,0.764705882352941,0.26046057853047,"Stomach Adenocarcinoma","Blood Derived Normal"
"78",0.0984555984555985,0.764705882352941,0.254791169259791,"Stomach Adenocarcinoma","Blood Derived Normal"
"79",0.1003861003861,0.764705882352941,0.254675760480686,"Stomach Adenocarcinoma","Blood Derived Normal"
"80",0.102316602316602,0.764705882352941,0.247598109348621,"Stomach Adenocarcinoma","Blood Derived Normal"
"81",0.104247104247104,0.764705882352941,0.243628211495633,"Stomach Adenocarcinoma","Blood Derived Normal"
"82",0.104247104247104,0.794117647058823,0.240438929887004,"Stomach Adenocarcinoma","Blood Derived Normal"
"83",0.106177606177606,0.794117647058823,0.232700781887206,"Stomach Adenocarcinoma","Blood Derived Normal"
"84",0.108108108108108,0.794117647058823,0.228876942127884,"Stomach Adenocarcinoma","Blood Derived Normal"
"85",0.11003861003861,0.794117647058823,0.225202146311795,"Stomach Adenocarcinoma","Blood Derived Normal"
"86",0.111969111969112,0.794117647058823,0.224553493904479,"Stomach Adenocarcinoma","Blood Derived Normal"
"87",0.113899613899614,0.794117647058823,0.214541301017309,"Stomach Adenocarcinoma","Blood Derived Normal"
"88",0.115830115830116,0.794117647058823,0.214275542653306,"Stomach Adenocarcinoma","Blood Derived Normal"
"89",0.117760617760618,0.794117647058823,0.21229967778459,"Stomach Adenocarcinoma","Blood Derived Normal"
"90",0.11969111969112,0.794117647058823,0.197926479504971,"Stomach Adenocarcinoma","Blood Derived Normal"
"91",0.121621621621622,0.794117647058823,0.197867486931067,"Stomach Adenocarcinoma","Blood Derived Normal"
"92",0.123552123552124,0.794117647058823,0.197135260315478,"Stomach Adenocarcinoma","Blood Derived Normal"
"93",0.125482625482625,0.794117647058823,0.194582709043166,"Stomach Adenocarcinoma","Blood Derived Normal"
"94",0.127413127413127,0.794117647058823,0.185128124054146,"Stomach Adenocarcinoma","Blood Derived Normal"
"95",0.129343629343629,0.794117647058823,0.185115062981193,"Stomach Adenocarcinoma","Blood Derived Normal"
"96",0.131274131274131,0.794117647058823,0.183822254444619,"Stomach Adenocarcinoma","Blood Derived Normal"
"97",0.133204633204633,0.794117647058823,0.179973429624559,"Stomach Adenocarcinoma","Blood Derived Normal"
"98",0.135135135135135,0.794117647058823,0.17864004520814,"Stomach Adenocarcinoma","Blood Derived Normal"
"99",0.137065637065637,0.794117647058823,0.178461201040748,"Stomach Adenocarcinoma","Blood Derived Normal"
"100",0.138996138996139,0.794117647058823,0.177894127011517,"Stomach Adenocarcinoma","Blood Derived Normal"
"101",0.140926640926641,0.794117647058823,0.175206272321577,"Stomach Adenocarcinoma","Blood Derived Normal"
"102",0.142857142857143,0.794117647058823,0.158837095774835,"Stomach Adenocarcinoma","Blood Derived Normal"
"103",0.144787644787645,0.794117647058823,0.158836463676751,"Stomach Adenocarcinoma","Blood Derived Normal"
"104",0.146718146718147,0.794117647058823,0.157736157214817,"Stomach Adenocarcinoma","Blood Derived Normal"
"105",0.148648648648649,0.794117647058823,0.157015986209735,"Stomach Adenocarcinoma","Blood Derived Normal"
"106",0.150579150579151,0.794117647058823,0.156460612364063,"Stomach Adenocarcinoma","Blood Derived Normal"
"107",0.152509652509653,0.794117647058823,0.153209494916317,"Stomach Adenocarcinoma","Blood Derived Normal"
"108",0.154440154440154,0.794117647058823,0.148791037589106,"Stomach Adenocarcinoma","Blood Derived Normal"
"109",0.156370656370656,0.794117647058823,0.145315913135172,"Stomach Adenocarcinoma","Blood Derived Normal"
"110",0.158301158301158,0.794117647058823,0.141215827865198,"Stomach Adenocarcinoma","Blood Derived Normal"
"111",0.16023166023166,0.794117647058823,0.131593396064293,"Stomach Adenocarcinoma","Blood Derived Normal"
"112",0.162162162162162,0.794117647058823,0.131258639332601,"Stomach Adenocarcinoma","Blood Derived Normal"
"113",0.162162162162162,0.823529411764706,0.129747458159169,"Stomach Adenocarcinoma","Blood Derived Normal"
"114",0.164092664092664,0.823529411764706,0.129600617578114,"Stomach Adenocarcinoma","Blood Derived Normal"
"115",0.166023166023166,0.823529411764706,0.129277465603348,"Stomach Adenocarcinoma","Blood Derived Normal"
"116",0.167953667953668,0.823529411764706,0.124766842016795,"Stomach Adenocarcinoma","Blood Derived Normal"
"117",0.167953667953668,0.852941176470588,0.122634225587426,"Stomach Adenocarcinoma","Blood Derived Normal"
"118",0.16988416988417,0.852941176470588,0.121733333469695,"Stomach Adenocarcinoma","Blood Derived Normal"
"119",0.171814671814672,0.852941176470588,0.120696693268516,"Stomach Adenocarcinoma","Blood Derived Normal"
"120",0.173745173745174,0.852941176470588,0.117371448790664,"Stomach Adenocarcinoma","Blood Derived Normal"
"121",0.175675675675676,0.852941176470588,0.116679932119804,"Stomach Adenocarcinoma","Blood Derived Normal"
"122",0.177606177606178,0.852941176470588,0.115895664967737,"Stomach Adenocarcinoma","Blood Derived Normal"
"123",0.17953667953668,0.852941176470588,0.112161823395905,"Stomach Adenocarcinoma","Blood Derived Normal"
"124",0.181467181467181,0.852941176470588,0.110915323470563,"Stomach Adenocarcinoma","Blood Derived Normal"
"125",0.183397683397683,0.852941176470588,0.11036863004694,"Stomach Adenocarcinoma","Blood Derived Normal"
"126",0.183397683397683,0.882352941176471,0.109842725578808,"Stomach Adenocarcinoma","Blood Derived Normal"
"127",0.185328185328185,0.882352941176471,0.109319159397888,"Stomach Adenocarcinoma","Blood Derived Normal"
"128",0.187258687258687,0.882352941176471,0.107443154933307,"Stomach Adenocarcinoma","Blood Derived Normal"
"129",0.189189189189189,0.882352941176471,0.107100383056818,"Stomach Adenocarcinoma","Blood Derived Normal"
"130",0.191119691119691,0.882352941176471,0.101931456261254,"Stomach Adenocarcinoma","Blood Derived Normal"
"131",0.191119691119691,0.911764705882353,0.0978826769492137,"Stomach Adenocarcinoma","Blood Derived Normal"
"132",0.193050193050193,0.911764705882353,0.0962749800038579,"Stomach Adenocarcinoma","Blood Derived Normal"
"133",0.194980694980695,0.911764705882353,0.0946835763289452,"Stomach Adenocarcinoma","Blood Derived Normal"
"134",0.196911196911197,0.911764705882353,0.0935292017148003,"Stomach Adenocarcinoma","Blood Derived Normal"
"135",0.198841698841699,0.911764705882353,0.0931088894529646,"Stomach Adenocarcinoma","Blood Derived Normal"
"136",0.200772200772201,0.911764705882353,0.0905000744105019,"Stomach Adenocarcinoma","Blood Derived Normal"
"137",0.202702702702703,0.911764705882353,0.089340868932747,"Stomach Adenocarcinoma","Blood Derived Normal"
"138",0.204633204633205,0.911764705882353,0.088495881489704,"Stomach Adenocarcinoma","Blood Derived Normal"
"139",0.206563706563707,0.911764705882353,0.0871880736358719,"Stomach Adenocarcinoma","Blood Derived Normal"
"140",0.208494208494208,0.911764705882353,0.0820361694170533,"Stomach Adenocarcinoma","Blood Derived Normal"
"141",0.208494208494208,0.941176470588235,0.0801088457209967,"Stomach Adenocarcinoma","Blood Derived Normal"
"142",0.21042471042471,0.941176470588235,0.0793201144848633,"Stomach Adenocarcinoma","Blood Derived Normal"
"143",0.212355212355212,0.941176470588235,0.0786749774980239,"Stomach Adenocarcinoma","Blood Derived Normal"
"144",0.214285714285714,0.941176470588235,0.0773672947221311,"Stomach Adenocarcinoma","Blood Derived Normal"
"145",0.216216216216216,0.941176470588235,0.0751492763856254,"Stomach Adenocarcinoma","Blood Derived Normal"
"146",0.218146718146718,0.941176470588235,0.073181064551513,"Stomach Adenocarcinoma","Blood Derived Normal"
"147",0.218146718146718,0.970588235294118,0.072986985325982,"Stomach Adenocarcinoma","Blood Derived Normal"
"148",0.22007722007722,0.970588235294118,0.0719460603468479,"Stomach Adenocarcinoma","Blood Derived Normal"
"149",0.222007722007722,0.970588235294118,0.0719444190297558,"Stomach Adenocarcinoma","Blood Derived Normal"
"150",0.223938223938224,0.970588235294118,0.0717064576833609,"Stomach Adenocarcinoma","Blood Derived Normal"
"151",0.225868725868726,0.970588235294118,0.0712371432344474,"Stomach Adenocarcinoma","Blood Derived Normal"
"152",0.227799227799228,0.970588235294118,0.070120425561047,"Stomach Adenocarcinoma","Blood Derived Normal"
"153",0.22972972972973,0.970588235294118,0.0691943651061939,"Stomach Adenocarcinoma","Blood Derived Normal"
"154",0.231660231660232,0.970588235294118,0.0686756712631098,"Stomach Adenocarcinoma","Blood Derived Normal"
"155",0.233590733590734,0.970588235294118,0.0685986647464238,"Stomach Adenocarcinoma","Blood Derived Normal"
"156",0.235521235521236,0.970588235294118,0.0674377797666298,"Stomach Adenocarcinoma","Blood Derived Normal"
"157",0.237451737451737,0.970588235294118,0.0668026268731168,"Stomach Adenocarcinoma","Blood Derived Normal"
"158",0.239382239382239,0.970588235294118,0.0656291533424227,"Stomach Adenocarcinoma","Blood Derived Normal"
"159",0.241312741312741,0.970588235294118,0.0655776131064584,"Stomach Adenocarcinoma","Blood Derived Normal"
"160",0.243243243243243,0.970588235294118,0.064519449247443,"Stomach Adenocarcinoma","Blood Derived Normal"
"161",0.245173745173745,0.970588235294118,0.0627550176921897,"Stomach Adenocarcinoma","Blood Derived Normal"
"162",0.247104247104247,0.970588235294118,0.0616444851952175,"Stomach Adenocarcinoma","Blood Derived Normal"
"163",0.249034749034749,0.970588235294118,0.0612728467504352,"Stomach Adenocarcinoma","Blood Derived Normal"
"164",0.250965250965251,0.970588235294118,0.0598041506753643,"Stomach Adenocarcinoma","Blood Derived Normal"
"165",0.252895752895753,0.970588235294118,0.059671005149905,"Stomach Adenocarcinoma","Blood Derived Normal"
"166",0.254826254826255,0.970588235294118,0.0591412715222598,"Stomach Adenocarcinoma","Blood Derived Normal"
"167",0.256756756756757,0.970588235294118,0.0578075940682463,"Stomach Adenocarcinoma","Blood Derived Normal"
"168",0.258687258687259,0.970588235294118,0.0571207718521253,"Stomach Adenocarcinoma","Blood Derived Normal"
"169",0.260617760617761,0.970588235294118,0.0567463144762456,"Stomach Adenocarcinoma","Blood Derived Normal"
"170",0.262548262548263,0.970588235294118,0.0544401671376299,"Stomach Adenocarcinoma","Blood Derived Normal"
"171",0.264478764478765,0.970588235294118,0.0508789369332081,"Stomach Adenocarcinoma","Blood Derived Normal"
"172",0.266409266409266,0.970588235294118,0.0483019724697212,"Stomach Adenocarcinoma","Blood Derived Normal"
"173",0.268339768339768,0.970588235294118,0.0480037208307807,"Stomach Adenocarcinoma","Blood Derived Normal"
"174",0.27027027027027,0.970588235294118,0.0479185601729736,"Stomach Adenocarcinoma","Blood Derived Normal"
"175",0.272200772200772,0.970588235294118,0.0477827957725896,"Stomach Adenocarcinoma","Blood Derived Normal"
"176",0.274131274131274,0.970588235294118,0.0471652182078734,"Stomach Adenocarcinoma","Blood Derived Normal"
"177",0.276061776061776,0.970588235294118,0.0468188428025206,"Stomach Adenocarcinoma","Blood Derived Normal"
"178",0.277992277992278,0.970588235294118,0.0466450657934253,"Stomach Adenocarcinoma","Blood Derived Normal"
"179",0.27992277992278,0.970588235294118,0.0464696448199102,"Stomach Adenocarcinoma","Blood Derived Normal"
"180",0.281853281853282,0.970588235294118,0.0460487312708906,"Stomach Adenocarcinoma","Blood Derived Normal"
"181",0.283783783783784,0.970588235294118,0.0459272433279833,"Stomach Adenocarcinoma","Blood Derived Normal"
"182",0.285714285714286,0.970588235294118,0.045598604084613,"Stomach Adenocarcinoma","Blood Derived Normal"
"183",0.287644787644788,0.970588235294118,0.0446932195680576,"Stomach Adenocarcinoma","Blood Derived Normal"
"184",0.28957528957529,0.970588235294118,0.0444817652938645,"Stomach Adenocarcinoma","Blood Derived Normal"
"185",0.291505791505791,0.970588235294118,0.043981127625536,"Stomach Adenocarcinoma","Blood Derived Normal"
"186",0.293436293436293,0.970588235294118,0.043918892754693,"Stomach Adenocarcinoma","Blood Derived Normal"
"187",0.295366795366795,0.970588235294118,0.0437847733698569,"Stomach Adenocarcinoma","Blood Derived Normal"
"188",0.297297297297297,0.970588235294118,0.0421686694748166,"Stomach Adenocarcinoma","Blood Derived Normal"
"189",0.299227799227799,0.970588235294118,0.0420547952600535,"Stomach Adenocarcinoma","Blood Derived Normal"
"190",0.301158301158301,0.970588235294118,0.0419360155931486,"Stomach Adenocarcinoma","Blood Derived Normal"
"191",0.303088803088803,0.970588235294118,0.0413914224801093,"Stomach Adenocarcinoma","Blood Derived Normal"
"192",0.305019305019305,0.970588235294118,0.041325357836296,"Stomach Adenocarcinoma","Blood Derived Normal"
"193",0.306949806949807,0.970588235294118,0.0405303084688207,"Stomach Adenocarcinoma","Blood Derived Normal"
"194",0.308880308880309,0.970588235294118,0.0402154931009939,"Stomach Adenocarcinoma","Blood Derived Normal"
"195",0.310810810810811,0.970588235294118,0.0401956096845907,"Stomach Adenocarcinoma","Blood Derived Normal"
"196",0.312741312741313,0.970588235294118,0.0400388648758713,"Stomach Adenocarcinoma","Blood Derived Normal"
"197",0.314671814671815,0.970588235294118,0.0393401113732653,"Stomach Adenocarcinoma","Blood Derived Normal"
"198",0.316602316602317,0.970588235294118,0.0375770154717114,"Stomach Adenocarcinoma","Blood Derived Normal"
"199",0.318532818532819,0.970588235294118,0.0364244133699841,"Stomach Adenocarcinoma","Blood Derived Normal"
"200",0.32046332046332,0.970588235294118,0.0362880233930168,"Stomach Adenocarcinoma","Blood Derived Normal"
"201",0.322393822393822,0.970588235294118,0.0362819999589721,"Stomach Adenocarcinoma","Blood Derived Normal"
"202",0.324324324324324,0.970588235294118,0.0351099216454962,"Stomach Adenocarcinoma","Blood Derived Normal"
"203",0.326254826254826,0.970588235294118,0.0349901858850299,"Stomach Adenocarcinoma","Blood Derived Normal"
"204",0.328185328185328,0.970588235294118,0.03468322619564,"Stomach Adenocarcinoma","Blood Derived Normal"
"205",0.33011583011583,0.970588235294118,0.0345916229554412,"Stomach Adenocarcinoma","Blood Derived Normal"
"206",0.332046332046332,0.970588235294118,0.0340386403295694,"Stomach Adenocarcinoma","Blood Derived Normal"
"207",0.333976833976834,0.970588235294118,0.0332961684839309,"Stomach Adenocarcinoma","Blood Derived Normal"
"208",0.335907335907336,0.970588235294118,0.0332415947854678,"Stomach Adenocarcinoma","Blood Derived Normal"
"209",0.337837837837838,0.970588235294118,0.0322555092728292,"Stomach Adenocarcinoma","Blood Derived Normal"
"210",0.33976833976834,0.970588235294118,0.0318841945930947,"Stomach Adenocarcinoma","Blood Derived Normal"
"211",0.341698841698842,0.970588235294118,0.031673510238417,"Stomach Adenocarcinoma","Blood Derived Normal"
"212",0.343629343629344,0.970588235294118,0.0316084626825472,"Stomach Adenocarcinoma","Blood Derived Normal"
"213",0.345559845559846,0.970588235294118,0.030923242327115,"Stomach Adenocarcinoma","Blood Derived Normal"
"214",0.347490347490348,0.970588235294118,0.0309045937975594,"Stomach Adenocarcinoma","Blood Derived Normal"
"215",0.349420849420849,0.970588235294118,0.0308619607876141,"Stomach Adenocarcinoma","Blood Derived Normal"
"216",0.351351351351351,0.970588235294118,0.0300705587475066,"Stomach Adenocarcinoma","Blood Derived Normal"
"217",0.353281853281853,0.970588235294118,0.0296149296004925,"Stomach Adenocarcinoma","Blood Derived Normal"
"218",0.355212355212355,0.970588235294118,0.0295584589554965,"Stomach Adenocarcinoma","Blood Derived Normal"
"219",0.357142857142857,0.970588235294118,0.0293920623026713,"Stomach Adenocarcinoma","Blood Derived Normal"
"220",0.359073359073359,0.970588235294118,0.0293851652414726,"Stomach Adenocarcinoma","Blood Derived Normal"
"221",0.361003861003861,0.970588235294118,0.0293740393618221,"Stomach Adenocarcinoma","Blood Derived Normal"
"222",0.362934362934363,0.970588235294118,0.0286898474909691,"Stomach Adenocarcinoma","Blood Derived Normal"
"223",0.364864864864865,0.970588235294118,0.028582147746501,"Stomach Adenocarcinoma","Blood Derived Normal"
"224",0.366795366795367,0.970588235294118,0.0282446277764264,"Stomach Adenocarcinoma","Blood Derived Normal"
"225",0.368725868725869,0.970588235294118,0.0274786769585605,"Stomach Adenocarcinoma","Blood Derived Normal"
"226",0.370656370656371,0.970588235294118,0.0268625537790346,"Stomach Adenocarcinoma","Blood Derived Normal"
"227",0.372586872586873,0.970588235294118,0.0263349282264705,"Stomach Adenocarcinoma","Blood Derived Normal"
"228",0.374517374517374,0.970588235294118,0.0262425408483544,"Stomach Adenocarcinoma","Blood Derived Normal"
"229",0.376447876447876,0.970588235294118,0.0260017210059537,"Stomach Adenocarcinoma","Blood Derived Normal"
"230",0.378378378378378,0.970588235294118,0.0258944274813782,"Stomach Adenocarcinoma","Blood Derived Normal"
"231",0.38030888030888,0.970588235294118,0.0255400142673012,"Stomach Adenocarcinoma","Blood Derived Normal"
"232",0.382239382239382,0.970588235294118,0.0250479627443753,"Stomach Adenocarcinoma","Blood Derived Normal"
"233",0.384169884169884,0.970588235294118,0.024988517718096,"Stomach Adenocarcinoma","Blood Derived Normal"
"234",0.386100386100386,0.970588235294118,0.0249147821658662,"Stomach Adenocarcinoma","Blood Derived Normal"
"235",0.388030888030888,0.970588235294118,0.0248192707993489,"Stomach Adenocarcinoma","Blood Derived Normal"
"236",0.38996138996139,0.970588235294118,0.0246360351814678,"Stomach Adenocarcinoma","Blood Derived Normal"
"237",0.391891891891892,0.970588235294118,0.0241834164919278,"Stomach Adenocarcinoma","Blood Derived Normal"
"238",0.393822393822394,0.970588235294118,0.0241131619365946,"Stomach Adenocarcinoma","Blood Derived Normal"
"239",0.395752895752896,0.970588235294118,0.0240220730972608,"Stomach Adenocarcinoma","Blood Derived Normal"
"240",0.397683397683398,0.970588235294118,0.023886166841426,"Stomach Adenocarcinoma","Blood Derived Normal"
"241",0.3996138996139,0.970588235294118,0.0235676571012301,"Stomach Adenocarcinoma","Blood Derived Normal"
"242",0.401544401544402,0.970588235294118,0.0233870622433054,"Stomach Adenocarcinoma","Blood Derived Normal"
"243",0.403474903474904,0.970588235294118,0.023349195498968,"Stomach Adenocarcinoma","Blood Derived Normal"
"244",0.405405405405405,0.970588235294118,0.0232057548372157,"Stomach Adenocarcinoma","Blood Derived Normal"
"245",0.407335907335907,0.970588235294118,0.0229746641880204,"Stomach Adenocarcinoma","Blood Derived Normal"
"246",0.409266409266409,0.970588235294118,0.0225426648561007,"Stomach Adenocarcinoma","Blood Derived Normal"
"247",0.411196911196911,0.970588235294118,0.022470562519089,"Stomach Adenocarcinoma","Blood Derived Normal"
"248",0.413127413127413,0.970588235294118,0.0224617022601056,"Stomach Adenocarcinoma","Blood Derived Normal"
"249",0.415057915057915,0.970588235294118,0.0222469173244121,"Stomach Adenocarcinoma","Blood Derived Normal"
"250",0.416988416988417,0.970588235294118,0.0214183726187103,"Stomach Adenocarcinoma","Blood Derived Normal"
"251",0.418918918918919,0.970588235294118,0.021235243396294,"Stomach Adenocarcinoma","Blood Derived Normal"
"252",0.420849420849421,0.970588235294118,0.0211333242898182,"Stomach Adenocarcinoma","Blood Derived Normal"
"253",0.422779922779923,0.970588235294118,0.0211008006421255,"Stomach Adenocarcinoma","Blood Derived Normal"
"254",0.424710424710425,0.970588235294118,0.0209065763709486,"Stomach Adenocarcinoma","Blood Derived Normal"
"255",0.426640926640927,0.970588235294118,0.0209000424115852,"Stomach Adenocarcinoma","Blood Derived Normal"
"256",0.428571428571429,0.970588235294118,0.0208773618332601,"Stomach Adenocarcinoma","Blood Derived Normal"
"257",0.43050193050193,0.970588235294118,0.0208667314453012,"Stomach Adenocarcinoma","Blood Derived Normal"
"258",0.432432432432432,0.970588235294118,0.0208217346351866,"Stomach Adenocarcinoma","Blood Derived Normal"
"259",0.434362934362934,0.970588235294118,0.0208124381411656,"Stomach Adenocarcinoma","Blood Derived Normal"
"260",0.436293436293436,0.970588235294118,0.0204238382411287,"Stomach Adenocarcinoma","Blood Derived Normal"
"261",0.438223938223938,0.970588235294118,0.0200663051193812,"Stomach Adenocarcinoma","Blood Derived Normal"
"262",0.44015444015444,0.970588235294118,0.019995455985392,"Stomach Adenocarcinoma","Blood Derived Normal"
"263",0.442084942084942,0.970588235294118,0.0197538406516463,"Stomach Adenocarcinoma","Blood Derived Normal"
"264",0.444015444015444,0.970588235294118,0.0196848463992767,"Stomach Adenocarcinoma","Blood Derived Normal"
"265",0.445945945945946,0.970588235294118,0.0196465256951099,"Stomach Adenocarcinoma","Blood Derived Normal"
"266",0.447876447876448,0.970588235294118,0.0195444475320508,"Stomach Adenocarcinoma","Blood Derived Normal"
"267",0.44980694980695,0.970588235294118,0.0193319921019431,"Stomach Adenocarcinoma","Blood Derived Normal"
"268",0.451737451737452,0.970588235294118,0.0192680358754923,"Stomach Adenocarcinoma","Blood Derived Normal"
"269",0.453667953667954,0.970588235294118,0.0192235367314433,"Stomach Adenocarcinoma","Blood Derived Normal"
"270",0.455598455598456,0.970588235294118,0.0190395265127405,"Stomach Adenocarcinoma","Blood Derived Normal"
"271",0.457528957528958,0.970588235294118,0.0188562548515654,"Stomach Adenocarcinoma","Blood Derived Normal"
"272",0.459459459459459,0.970588235294118,0.0188246267432812,"Stomach Adenocarcinoma","Blood Derived Normal"
"273",0.461389961389961,0.970588235294118,0.0187916261692963,"Stomach Adenocarcinoma","Blood Derived Normal"
"274",0.463320463320463,0.970588235294118,0.0187241426676573,"Stomach Adenocarcinoma","Blood Derived Normal"
"275",0.465250965250965,0.970588235294118,0.0186221236826144,"Stomach Adenocarcinoma","Blood Derived Normal"
"276",0.467181467181467,0.970588235294118,0.0184051376067671,"Stomach Adenocarcinoma","Blood Derived Normal"
"277",0.469111969111969,0.970588235294118,0.0181862245216347,"Stomach Adenocarcinoma","Blood Derived Normal"
"278",0.471042471042471,0.970588235294118,0.0181316356127055,"Stomach Adenocarcinoma","Blood Derived Normal"
"279",0.472972972972973,0.970588235294118,0.0176784129961088,"Stomach Adenocarcinoma","Blood Derived Normal"
"280",0.474903474903475,0.970588235294118,0.0176240275680926,"Stomach Adenocarcinoma","Blood Derived Normal"
"281",0.476833976833977,0.970588235294118,0.0175438714794284,"Stomach Adenocarcinoma","Blood Derived Normal"
"282",0.478764478764479,0.970588235294118,0.0175064423684095,"Stomach Adenocarcinoma","Blood Derived Normal"
"283",0.480694980694981,0.970588235294118,0.0175017731109364,"Stomach Adenocarcinoma","Blood Derived Normal"
"284",0.482625482625483,0.970588235294118,0.017464637286642,"Stomach Adenocarcinoma","Blood Derived Normal"
"285",0.484555984555985,0.970588235294118,0.0173372892774755,"Stomach Adenocarcinoma","Blood Derived Normal"
"286",0.486486486486487,0.970588235294118,0.0172560393384512,"Stomach Adenocarcinoma","Blood Derived Normal"
"287",0.488416988416988,0.970588235294118,0.0168063112177594,"Stomach Adenocarcinoma","Blood Derived Normal"
"288",0.49034749034749,0.970588235294118,0.0166216701042494,"Stomach Adenocarcinoma","Blood Derived Normal"
"289",0.492277992277992,0.970588235294118,0.0165034130144359,"Stomach Adenocarcinoma","Blood Derived Normal"
"290",0.494208494208494,0.970588235294118,0.0163511612874577,"Stomach Adenocarcinoma","Blood Derived Normal"
"291",0.496138996138996,0.970588235294118,0.0163390085405646,"Stomach Adenocarcinoma","Blood Derived Normal"
"292",0.498069498069498,0.970588235294118,0.015880543205152,"Stomach Adenocarcinoma","Blood Derived Normal"
"293",0.5,0.970588235294118,0.0157777037056398,"Stomach Adenocarcinoma","Blood Derived Normal"
"294",0.501930501930502,0.970588235294118,0.0153226435692124,"Stomach Adenocarcinoma","Blood Derived Normal"
"295",0.503861003861004,0.970588235294118,0.0152505036608246,"Stomach Adenocarcinoma","Blood Derived Normal"
"296",0.505791505791506,0.970588235294118,0.0152259484938884,"Stomach Adenocarcinoma","Blood Derived Normal"
"297",0.507722007722008,0.970588235294118,0.0151891489741602,"Stomach Adenocarcinoma","Blood Derived Normal"
"298",0.50965250965251,0.970588235294118,0.0149848195060357,"Stomach Adenocarcinoma","Blood Derived Normal"
"299",0.511583011583012,0.970588235294118,0.0149735765083896,"Stomach Adenocarcinoma","Blood Derived Normal"
"300",0.513513513513513,0.970588235294118,0.0149383714590257,"Stomach Adenocarcinoma","Blood Derived Normal"
"301",0.515444015444015,0.970588235294118,0.0148547115247797,"Stomach Adenocarcinoma","Blood Derived Normal"
"302",0.517374517374517,0.970588235294118,0.0148003371461474,"Stomach Adenocarcinoma","Blood Derived Normal"
"303",0.519305019305019,0.970588235294118,0.0147002274381848,"Stomach Adenocarcinoma","Blood Derived Normal"
"304",0.521235521235521,0.970588235294118,0.0146866491878217,"Stomach Adenocarcinoma","Blood Derived Normal"
"305",0.523166023166023,0.970588235294118,0.0146754495578916,"Stomach Adenocarcinoma","Blood Derived Normal"
"306",0.525096525096525,0.970588235294118,0.0145892350612724,"Stomach Adenocarcinoma","Blood Derived Normal"
"307",0.527027027027027,0.970588235294118,0.0145771946726877,"Stomach Adenocarcinoma","Blood Derived Normal"
"308",0.528957528957529,0.970588235294118,0.0144948665154926,"Stomach Adenocarcinoma","Blood Derived Normal"
"309",0.530888030888031,0.970588235294118,0.0144938411761933,"Stomach Adenocarcinoma","Blood Derived Normal"
"310",0.532818532818533,0.970588235294118,0.014487527282409,"Stomach Adenocarcinoma","Blood Derived Normal"
"311",0.534749034749035,0.970588235294118,0.0144518177174747,"Stomach Adenocarcinoma","Blood Derived Normal"
"312",0.536679536679537,0.970588235294118,0.0144217651769938,"Stomach Adenocarcinoma","Blood Derived Normal"
"313",0.538610038610039,0.970588235294118,0.0144093519525875,"Stomach Adenocarcinoma","Blood Derived Normal"
"314",0.540540540540541,0.970588235294118,0.0143810836410136,"Stomach Adenocarcinoma","Blood Derived Normal"
"315",0.542471042471042,0.970588235294118,0.0143417488931674,"Stomach Adenocarcinoma","Blood Derived Normal"
"316",0.544401544401544,0.970588235294118,0.0142940542212863,"Stomach Adenocarcinoma","Blood Derived Normal"
"317",0.544401544401544,1,0.0142762635942392,"Stomach Adenocarcinoma","Blood Derived Normal"
"318",0.546332046332046,1,0.0142470107930751,"Stomach Adenocarcinoma","Blood Derived Normal"
"319",0.548262548262548,1,0.0140865523251085,"Stomach Adenocarcinoma","Blood Derived Normal"
"320",0.55019305019305,1,0.0140553962541146,"Stomach Adenocarcinoma","Blood Derived Normal"
"321",0.552123552123552,1,0.0139737992828372,"Stomach Adenocarcinoma","Blood Derived Normal"
"322",0.554054054054054,1,0.0139437408288948,"Stomach Adenocarcinoma","Blood Derived Normal"
"323",0.555984555984556,1,0.0139211458849224,"Stomach Adenocarcinoma","Blood Derived Normal"
"324",0.557915057915058,1,0.0138044684961667,"Stomach Adenocarcinoma","Blood Derived Normal"
"325",0.55984555984556,1,0.0136899122336744,"Stomach Adenocarcinoma","Blood Derived Normal"
"326",0.561776061776062,1,0.0135658675666438,"Stomach Adenocarcinoma","Blood Derived Normal"
"327",0.563706563706564,1,0.013428932250771,"Stomach Adenocarcinoma","Blood Derived Normal"
"328",0.565637065637066,1,0.0133984276119081,"Stomach Adenocarcinoma","Blood Derived Normal"
"329",0.567567567567568,1,0.0133599782978807,"Stomach Adenocarcinoma","Blood Derived Normal"
"330",0.569498069498069,1,0.0133150289428027,"Stomach Adenocarcinoma","Blood Derived Normal"
"331",0.571428571428571,1,0.0131220325946838,"Stomach Adenocarcinoma","Blood Derived Normal"
"332",0.573359073359073,1,0.0130116262041451,"Stomach Adenocarcinoma","Blood Derived Normal"
"333",0.575289575289575,1,0.0129751823940925,"Stomach Adenocarcinoma","Blood Derived Normal"
"334",0.577220077220077,1,0.0129583148401883,"Stomach Adenocarcinoma","Blood Derived Normal"
"335",0.579150579150579,1,0.0127970629454091,"Stomach Adenocarcinoma","Blood Derived Normal"
"336",0.581081081081081,1,0.0127304042232589,"Stomach Adenocarcinoma","Blood Derived Normal"
"337",0.583011583011583,1,0.0126027893114116,"Stomach Adenocarcinoma","Blood Derived Normal"
"338",0.584942084942085,1,0.0124991488494007,"Stomach Adenocarcinoma","Blood Derived Normal"
"339",0.586872586872587,1,0.0124696840017443,"Stomach Adenocarcinoma","Blood Derived Normal"
"340",0.588803088803089,1,0.0123996683767907,"Stomach Adenocarcinoma","Blood Derived Normal"
"341",0.590733590733591,1,0.0123661807298174,"Stomach Adenocarcinoma","Blood Derived Normal"
"342",0.592664092664093,1,0.0123305287127378,"Stomach Adenocarcinoma","Blood Derived Normal"
"343",0.594594594594595,1,0.0122104530704797,"Stomach Adenocarcinoma","Blood Derived Normal"
"344",0.596525096525097,1,0.0122081561079858,"Stomach Adenocarcinoma","Blood Derived Normal"
"345",0.598455598455598,1,0.012191531794763,"Stomach Adenocarcinoma","Blood Derived Normal"
"346",0.6003861003861,1,0.0121474258889326,"Stomach Adenocarcinoma","Blood Derived Normal"
"347",0.602316602316602,1,0.0120705725088794,"Stomach Adenocarcinoma","Blood Derived Normal"
"348",0.604247104247104,1,0.0120318021474031,"Stomach Adenocarcinoma","Blood Derived Normal"
"349",0.606177606177606,1,0.0119736924718866,"Stomach Adenocarcinoma","Blood Derived Normal"
"350",0.608108108108108,1,0.0118366657939774,"Stomach Adenocarcinoma","Blood Derived Normal"
"351",0.61003861003861,1,0.0112369621764541,"Stomach Adenocarcinoma","Blood Derived Normal"
"352",0.611969111969112,1,0.011221491589973,"Stomach Adenocarcinoma","Blood Derived Normal"
"353",0.613899613899614,1,0.0112051956610034,"Stomach Adenocarcinoma","Blood Derived Normal"
"354",0.615830115830116,1,0.0111636222177193,"Stomach Adenocarcinoma","Blood Derived Normal"
"355",0.617760617760618,1,0.0110924028385947,"Stomach Adenocarcinoma","Blood Derived Normal"
"356",0.61969111969112,1,0.0110420624808821,"Stomach Adenocarcinoma","Blood Derived Normal"
"357",0.621621621621622,1,0.0110086965897052,"Stomach Adenocarcinoma","Blood Derived Normal"
"358",0.623552123552124,1,0.0109703331607933,"Stomach Adenocarcinoma","Blood Derived Normal"
"359",0.625482625482625,1,0.0107464365088275,"Stomach Adenocarcinoma","Blood Derived Normal"
"360",0.627413127413127,1,0.0107366119866572,"Stomach Adenocarcinoma","Blood Derived Normal"
"361",0.629343629343629,1,0.0106564216220871,"Stomach Adenocarcinoma","Blood Derived Normal"
"362",0.631274131274131,1,0.0106361610172613,"Stomach Adenocarcinoma","Blood Derived Normal"
"363",0.633204633204633,1,0.0105058213381982,"Stomach Adenocarcinoma","Blood Derived Normal"
"364",0.635135135135135,1,0.0104434487593568,"Stomach Adenocarcinoma","Blood Derived Normal"
"365",0.637065637065637,1,0.0103153822654516,"Stomach Adenocarcinoma","Blood Derived Normal"
"366",0.638996138996139,1,0.0103079148133024,"Stomach Adenocarcinoma","Blood Derived Normal"
"367",0.640926640926641,1,0.0101124009465084,"Stomach Adenocarcinoma","Blood Derived Normal"
"368",0.642857142857143,1,0.0100911369258256,"Stomach Adenocarcinoma","Blood Derived Normal"
"369",0.644787644787645,1,0.0099628779306894,"Stomach Adenocarcinoma","Blood Derived Normal"
"370",0.646718146718147,1,0.00982519779679403,"Stomach Adenocarcinoma","Blood Derived Normal"
"371",0.648648648648649,1,0.00982085577583958,"Stomach Adenocarcinoma","Blood Derived Normal"
"372",0.650579150579151,1,0.00980453264306391,"Stomach Adenocarcinoma","Blood Derived Normal"
"373",0.652509652509653,1,0.00980442880521726,"Stomach Adenocarcinoma","Blood Derived Normal"
"374",0.654440154440154,1,0.00980407221890123,"Stomach Adenocarcinoma","Blood Derived Normal"
"375",0.656370656370656,1,0.00975021155919553,"Stomach Adenocarcinoma","Blood Derived Normal"
"376",0.658301158301158,1,0.00972333440112627,"Stomach Adenocarcinoma","Blood Derived Normal"
"377",0.66023166023166,1,0.00969511827960057,"Stomach Adenocarcinoma","Blood Derived Normal"
"378",0.662162162162162,1,0.00964168586312331,"Stomach Adenocarcinoma","Blood Derived Normal"
"379",0.664092664092664,1,0.00960288681134236,"Stomach Adenocarcinoma","Blood Derived Normal"
"380",0.666023166023166,1,0.00959777693981123,"Stomach Adenocarcinoma","Blood Derived Normal"
"381",0.667953667953668,1,0.00951398834093931,"Stomach Adenocarcinoma","Blood Derived Normal"
"382",0.66988416988417,1,0.00949538331074529,"Stomach Adenocarcinoma","Blood Derived Normal"
"383",0.671814671814672,1,0.00936080028687558,"Stomach Adenocarcinoma","Blood Derived Normal"
"384",0.673745173745174,1,0.00931807075803848,"Stomach Adenocarcinoma","Blood Derived Normal"
"385",0.675675675675676,1,0.00927364595452818,"Stomach Adenocarcinoma","Blood Derived Normal"
"386",0.677606177606178,1,0.00925744422644381,"Stomach Adenocarcinoma","Blood Derived Normal"
"387",0.67953667953668,1,0.00916015970424156,"Stomach Adenocarcinoma","Blood Derived Normal"
"388",0.681467181467181,1,0.00911455646805648,"Stomach Adenocarcinoma","Blood Derived Normal"
"389",0.683397683397683,1,0.00910314178085148,"Stomach Adenocarcinoma","Blood Derived Normal"
"390",0.685328185328185,1,0.00906508793008742,"Stomach Adenocarcinoma","Blood Derived Normal"
"391",0.687258687258687,1,0.0089977059783225,"Stomach Adenocarcinoma","Blood Derived Normal"
"392",0.689189189189189,1,0.00885581089741083,"Stomach Adenocarcinoma","Blood Derived Normal"
"393",0.691119691119691,1,0.00874120714397386,"Stomach Adenocarcinoma","Blood Derived Normal"
"394",0.693050193050193,1,0.00870942475466319,"Stomach Adenocarcinoma","Blood Derived Normal"
"395",0.694980694980695,1,0.00870899280131288,"Stomach Adenocarcinoma","Blood Derived Normal"
"396",0.696911196911197,1,0.00867790701237781,"Stomach Adenocarcinoma","Blood Derived Normal"
"397",0.698841698841699,1,0.00860342351374799,"Stomach Adenocarcinoma","Blood Derived Normal"
"398",0.700772200772201,1,0.00857232610675085,"Stomach Adenocarcinoma","Blood Derived Normal"
"399",0.702702702702703,1,0.00857113347757388,"Stomach Adenocarcinoma","Blood Derived Normal"
"400",0.704633204633205,1,0.00848512633905474,"Stomach Adenocarcinoma","Blood Derived Normal"
"401",0.706563706563707,1,0.00845505810602643,"Stomach Adenocarcinoma","Blood Derived Normal"
"402",0.708494208494209,1,0.00840089950382739,"Stomach Adenocarcinoma","Blood Derived Normal"
"403",0.71042471042471,1,0.00830803225549825,"Stomach Adenocarcinoma","Blood Derived Normal"
"404",0.712355212355212,1,0.00826055514718749,"Stomach Adenocarcinoma","Blood Derived Normal"
"405",0.714285714285714,1,0.00824783451250954,"Stomach Adenocarcinoma","Blood Derived Normal"
"406",0.716216216216216,1,0.00822234669468191,"Stomach Adenocarcinoma","Blood Derived Normal"
"407",0.718146718146718,1,0.00821678676726301,"Stomach Adenocarcinoma","Blood Derived Normal"
"408",0.72007722007722,1,0.00821115222397817,"Stomach Adenocarcinoma","Blood Derived Normal"
"409",0.722007722007722,1,0.00819293331464044,"Stomach Adenocarcinoma","Blood Derived Normal"
"410",0.723938223938224,1,0.00812472324532043,"Stomach Adenocarcinoma","Blood Derived Normal"
"411",0.725868725868726,1,0.00806214765816382,"Stomach Adenocarcinoma","Blood Derived Normal"
"412",0.727799227799228,1,0.00796182846425708,"Stomach Adenocarcinoma","Blood Derived Normal"
"413",0.72972972972973,1,0.0079359809518762,"Stomach Adenocarcinoma","Blood Derived Normal"
"414",0.731660231660232,1,0.00791865913646683,"Stomach Adenocarcinoma","Blood Derived Normal"
"415",0.733590733590734,1,0.00790782191889083,"Stomach Adenocarcinoma","Blood Derived Normal"
"416",0.735521235521235,1,0.00789058417523425,"Stomach Adenocarcinoma","Blood Derived Normal"
"417",0.737451737451737,1,0.00787202493130945,"Stomach Adenocarcinoma","Blood Derived Normal"
"418",0.739382239382239,1,0.00783971332956868,"Stomach Adenocarcinoma","Blood Derived Normal"
"419",0.741312741312741,1,0.00780199265295844,"Stomach Adenocarcinoma","Blood Derived Normal"
"420",0.743243243243243,1,0.00770693779088227,"Stomach Adenocarcinoma","Blood Derived Normal"
"421",0.745173745173745,1,0.00767865792797828,"Stomach Adenocarcinoma","Blood Derived Normal"
"422",0.747104247104247,1,0.00764541702690902,"Stomach Adenocarcinoma","Blood Derived Normal"
"423",0.749034749034749,1,0.00763944485175849,"Stomach Adenocarcinoma","Blood Derived Normal"
"424",0.750965250965251,1,0.00763904543282234,"Stomach Adenocarcinoma","Blood Derived Normal"
"425",0.752895752895753,1,0.00754318454438763,"Stomach Adenocarcinoma","Blood Derived Normal"
"426",0.754826254826255,1,0.00750020603738755,"Stomach Adenocarcinoma","Blood Derived Normal"
"427",0.756756756756757,1,0.00748593204895909,"Stomach Adenocarcinoma","Blood Derived Normal"
"428",0.758687258687259,1,0.00740246434024361,"Stomach Adenocarcinoma","Blood Derived Normal"
"429",0.760617760617761,1,0.00735567389034208,"Stomach Adenocarcinoma","Blood Derived Normal"
"430",0.762548262548263,1,0.00733942964763312,"Stomach Adenocarcinoma","Blood Derived Normal"
"431",0.764478764478765,1,0.0070835813008342,"Stomach Adenocarcinoma","Blood Derived Normal"
"432",0.766409266409266,1,0.00704644438689705,"Stomach Adenocarcinoma","Blood Derived Normal"
"433",0.768339768339768,1,0.00703657802740443,"Stomach Adenocarcinoma","Blood Derived Normal"
"434",0.77027027027027,1,0.00702385916665138,"Stomach Adenocarcinoma","Blood Derived Normal"
"435",0.772200772200772,1,0.00694833358727631,"Stomach Adenocarcinoma","Blood Derived Normal"
"436",0.774131274131274,1,0.00693477216754235,"Stomach Adenocarcinoma","Blood Derived Normal"
"437",0.776061776061776,1,0.00693375033452048,"Stomach Adenocarcinoma","Blood Derived Normal"
"438",0.777992277992278,1,0.00684385909090268,"Stomach Adenocarcinoma","Blood Derived Normal"
"439",0.77992277992278,1,0.00682505742083461,"Stomach Adenocarcinoma","Blood Derived Normal"
"440",0.781853281853282,1,0.00681834003450754,"Stomach Adenocarcinoma","Blood Derived Normal"
"441",0.783783783783784,1,0.00671229604220636,"Stomach Adenocarcinoma","Blood Derived Normal"
"442",0.785714285714286,1,0.00664219405426569,"Stomach Adenocarcinoma","Blood Derived Normal"
"443",0.787644787644788,1,0.00663189146833465,"Stomach Adenocarcinoma","Blood Derived Normal"
"444",0.78957528957529,1,0.00662229465394648,"Stomach Adenocarcinoma","Blood Derived Normal"
"445",0.791505791505791,1,0.00659986121410683,"Stomach Adenocarcinoma","Blood Derived Normal"
"446",0.793436293436293,1,0.00645025858383019,"Stomach Adenocarcinoma","Blood Derived Normal"
"447",0.795366795366795,1,0.00644581329405225,"Stomach Adenocarcinoma","Blood Derived Normal"
"448",0.797297297297297,1,0.00643901352124343,"Stomach Adenocarcinoma","Blood Derived Normal"
"449",0.799227799227799,1,0.00638847057421499,"Stomach Adenocarcinoma","Blood Derived Normal"
"450",0.801158301158301,1,0.00634697785490801,"Stomach Adenocarcinoma","Blood Derived Normal"
"451",0.803088803088803,1,0.00630448505425585,"Stomach Adenocarcinoma","Blood Derived Normal"
"452",0.805019305019305,1,0.00623654941119922,"Stomach Adenocarcinoma","Blood Derived Normal"
"453",0.806949806949807,1,0.00621190579600184,"Stomach Adenocarcinoma","Blood Derived Normal"
"454",0.808880308880309,1,0.00619551072858615,"Stomach Adenocarcinoma","Blood Derived Normal"
"455",0.810810810810811,1,0.00585711912084153,"Stomach Adenocarcinoma","Blood Derived Normal"
"456",0.812741312741313,1,0.0058527884322257,"Stomach Adenocarcinoma","Blood Derived Normal"
"457",0.814671814671815,1,0.00581325959680024,"Stomach Adenocarcinoma","Blood Derived Normal"
"458",0.816602316602317,1,0.00576971690125871,"Stomach Adenocarcinoma","Blood Derived Normal"
"459",0.818532818532819,1,0.00576158594396659,"Stomach Adenocarcinoma","Blood Derived Normal"
"460",0.82046332046332,1,0.00571793331648607,"Stomach Adenocarcinoma","Blood Derived Normal"
"461",0.822393822393822,1,0.00570202165250322,"Stomach Adenocarcinoma","Blood Derived Normal"
"462",0.824324324324324,1,0.00561459263099762,"Stomach Adenocarcinoma","Blood Derived Normal"
"463",0.826254826254826,1,0.00556631823655551,"Stomach Adenocarcinoma","Blood Derived Normal"
"464",0.828185328185328,1,0.00556629580784263,"Stomach Adenocarcinoma","Blood Derived Normal"
"465",0.83011583011583,1,0.00552628380539044,"Stomach Adenocarcinoma","Blood Derived Normal"
"466",0.832046332046332,1,0.00544088113577035,"Stomach Adenocarcinoma","Blood Derived Normal"
"467",0.833976833976834,1,0.00537889293112714,"Stomach Adenocarcinoma","Blood Derived Normal"
"468",0.835907335907336,1,0.005367590332226,"Stomach Adenocarcinoma","Blood Derived Normal"
"469",0.837837837837838,1,0.00533215669607523,"Stomach Adenocarcinoma","Blood Derived Normal"
"470",0.83976833976834,1,0.00532610649378684,"Stomach Adenocarcinoma","Blood Derived Normal"
"471",0.841698841698842,1,0.00532239251165068,"Stomach Adenocarcinoma","Blood Derived Normal"
"472",0.843629343629344,1,0.00531202192487057,"Stomach Adenocarcinoma","Blood Derived Normal"
"473",0.845559845559846,1,0.00527175852078521,"Stomach Adenocarcinoma","Blood Derived Normal"
"474",0.847490347490347,1,0.00527111676851255,"Stomach Adenocarcinoma","Blood Derived Normal"
"475",0.849420849420849,1,0.00522669122278174,"Stomach Adenocarcinoma","Blood Derived Normal"
"476",0.851351351351351,1,0.00522309458234371,"Stomach Adenocarcinoma","Blood Derived Normal"
"477",0.853281853281853,1,0.00522024536983567,"Stomach Adenocarcinoma","Blood Derived Normal"
"478",0.855212355212355,1,0.0051926051511394,"Stomach Adenocarcinoma","Blood Derived Normal"
"479",0.857142857142857,1,0.00518848757945245,"Stomach Adenocarcinoma","Blood Derived Normal"
"480",0.859073359073359,1,0.00513732314500936,"Stomach Adenocarcinoma","Blood Derived Normal"
"481",0.861003861003861,1,0.00505372102449919,"Stomach Adenocarcinoma","Blood Derived Normal"
"482",0.862934362934363,1,0.00504214235254652,"Stomach Adenocarcinoma","Blood Derived Normal"
"483",0.864864864864865,1,0.00504150569097539,"Stomach Adenocarcinoma","Blood Derived Normal"
"484",0.866795366795367,1,0.00503723831615299,"Stomach Adenocarcinoma","Blood Derived Normal"
"485",0.868725868725869,1,0.00502640737839977,"Stomach Adenocarcinoma","Blood Derived Normal"
"486",0.870656370656371,1,0.00498053148507271,"Stomach Adenocarcinoma","Blood Derived Normal"
"487",0.872586872586873,1,0.00497644326683289,"Stomach Adenocarcinoma","Blood Derived Normal"
"488",0.874517374517375,1,0.0049558602356633,"Stomach Adenocarcinoma","Blood Derived Normal"
"489",0.876447876447876,1,0.00488393342302496,"Stomach Adenocarcinoma","Blood Derived Normal"
"490",0.878378378378378,1,0.00486996872600598,"Stomach Adenocarcinoma","Blood Derived Normal"
"491",0.88030888030888,1,0.00484881194460007,"Stomach Adenocarcinoma","Blood Derived Normal"
"492",0.882239382239382,1,0.00481576689339813,"Stomach Adenocarcinoma","Blood Derived Normal"
"493",0.884169884169884,1,0.00481144765484642,"Stomach Adenocarcinoma","Blood Derived Normal"
"494",0.886100386100386,1,0.00480278669147938,"Stomach Adenocarcinoma","Blood Derived Normal"
"495",0.888030888030888,1,0.00476264034250551,"Stomach Adenocarcinoma","Blood Derived Normal"
"496",0.88996138996139,1,0.00472369892186475,"Stomach Adenocarcinoma","Blood Derived Normal"
"497",0.891891891891892,1,0.00472281924490348,"Stomach Adenocarcinoma","Blood Derived Normal"
"498",0.893822393822394,1,0.00469197969791335,"Stomach Adenocarcinoma","Blood Derived Normal"
"499",0.895752895752896,1,0.00467714205220549,"Stomach Adenocarcinoma","Blood Derived Normal"
"500",0.897683397683398,1,0.00465051622105472,"Stomach Adenocarcinoma","Blood Derived Normal"
"501",0.8996138996139,1,0.00457158227517829,"Stomach Adenocarcinoma","Blood Derived Normal"
"502",0.901544401544402,1,0.00455713113957879,"Stomach Adenocarcinoma","Blood Derived Normal"
"503",0.903474903474903,1,0.0044627421812875,"Stomach Adenocarcinoma","Blood Derived Normal"
"504",0.905405405405405,1,0.00442503360965296,"Stomach Adenocarcinoma","Blood Derived Normal"
"505",0.907335907335907,1,0.00440692032150736,"Stomach Adenocarcinoma","Blood Derived Normal"
"506",0.909266409266409,1,0.00436416722955679,"Stomach Adenocarcinoma","Blood Derived Normal"
"507",0.911196911196911,1,0.00435272570644751,"Stomach Adenocarcinoma","Blood Derived Normal"
"508",0.913127413127413,1,0.00435174804499017,"Stomach Adenocarcinoma","Blood Derived Normal"
"509",0.915057915057915,1,0.00434547941583108,"Stomach Adenocarcinoma","Blood Derived Normal"
"510",0.916988416988417,1,0.00432789831229763,"Stomach Adenocarcinoma","Blood Derived Normal"
"511",0.918918918918919,1,0.00431882062248479,"Stomach Adenocarcinoma","Blood Derived Normal"
"512",0.920849420849421,1,0.00431527736265902,"Stomach Adenocarcinoma","Blood Derived Normal"
"513",0.922779922779923,1,0.00430043909668043,"Stomach Adenocarcinoma","Blood Derived Normal"
"514",0.924710424710425,1,0.00429286225848635,"Stomach Adenocarcinoma","Blood Derived Normal"
"515",0.926640926640927,1,0.00423143236671486,"Stomach Adenocarcinoma","Blood Derived Normal"
"516",0.928571428571429,1,0.00422015994885749,"Stomach Adenocarcinoma","Blood Derived Normal"
"517",0.930501930501931,1,0.00417073168627802,"Stomach Adenocarcinoma","Blood Derived Normal"
"518",0.932432432432432,1,0.00412437155683232,"Stomach Adenocarcinoma","Blood Derived Normal"
"519",0.934362934362934,1,0.00409180993143798,"Stomach Adenocarcinoma","Blood Derived Normal"
"520",0.936293436293436,1,0.00408603663047813,"Stomach Adenocarcinoma","Blood Derived Normal"
"521",0.938223938223938,1,0.00405343976154582,"Stomach Adenocarcinoma","Blood Derived Normal"
"522",0.94015444015444,1,0.00405103660548167,"Stomach Adenocarcinoma","Blood Derived Normal"
"523",0.942084942084942,1,0.00403851356709517,"Stomach Adenocarcinoma","Blood Derived Normal"
"524",0.944015444015444,1,0.00401529300429704,"Stomach Adenocarcinoma","Blood Derived Normal"
"525",0.945945945945946,1,0.00397581541105074,"Stomach Adenocarcinoma","Blood Derived Normal"
"526",0.947876447876448,1,0.0039292287585756,"Stomach Adenocarcinoma","Blood Derived Normal"
"527",0.94980694980695,1,0.00392528644030443,"Stomach Adenocarcinoma","Blood Derived Normal"
"528",0.951737451737452,1,0.00388156598953193,"Stomach Adenocarcinoma","Blood Derived Normal"
"529",0.953667953667954,1,0.00377303888991964,"Stomach Adenocarcinoma","Blood Derived Normal"
"530",0.955598455598456,1,0.00373708454037069,"Stomach Adenocarcinoma","Blood Derived Normal"
"531",0.957528957528958,1,0.00371918563336737,"Stomach Adenocarcinoma","Blood Derived Normal"
"532",0.959459459459459,1,0.0037013818289372,"Stomach Adenocarcinoma","Blood Derived Normal"
"533",0.961389961389961,1,0.00347100678659118,"Stomach Adenocarcinoma","Blood Derived Normal"
"534",0.963320463320463,1,0.00345497396966776,"Stomach Adenocarcinoma","Blood Derived Normal"
"535",0.965250965250965,1,0.00340576546179694,"Stomach Adenocarcinoma","Blood Derived Normal"
"536",0.967181467181467,1,0.00334144326508001,"Stomach Adenocarcinoma","Blood Derived Normal"
"537",0.969111969111969,1,0.00327131281200665,"Stomach Adenocarcinoma","Blood Derived Normal"
"538",0.971042471042471,1,0.00325287890384085,"Stomach Adenocarcinoma","Blood Derived Normal"
"539",0.972972972972973,1,0.00319566096741308,"Stomach Adenocarcinoma","Blood Derived Normal"
"540",0.974903474903475,1,0.00297274521011148,"Stomach Adenocarcinoma","Blood Derived Normal"
"541",0.976833976833977,1,0.00290022249901423,"Stomach Adenocarcinoma","Blood Derived Normal"
"542",0.978764478764479,1,0.00285602259718343,"Stomach Adenocarcinoma","Blood Derived Normal"
"543",0.980694980694981,1,0.00283768774005011,"Stomach Adenocarcinoma","Blood Derived Normal"
"544",0.982625482625483,1,0.00280898832234555,"Stomach Adenocarcinoma","Blood Derived Normal"
"545",0.984555984555985,1,0.00259592886189008,"Stomach Adenocarcinoma","Blood Derived Normal"
"546",0.986486486486487,1,0.00250156758622755,"Stomach Adenocarcinoma","Blood Derived Normal"
"547",0.988416988416988,1,0.00242960687010241,"Stomach Adenocarcinoma","Blood Derived Normal"
"548",0.99034749034749,1,0.00238896172053371,"Stomach Adenocarcinoma","Blood Derived Normal"
"549",0.992277992277992,1,0.00216881843120564,"Stomach Adenocarcinoma","Blood Derived Normal"
"550",0.994208494208494,1,0.00182096744590698,"Stomach Adenocarcinoma","Blood Derived Normal"
"551",0.996138996138996,1,0.00175800484146005,"Stomach Adenocarcinoma","Blood Derived Normal"
"552",0.998069498069498,1,0.00156481213860071,"Stomach Adenocarcinoma","Blood Derived Normal"
"553",1,1,0.00156481213860071,"Stomach Adenocarcinoma","Blood Derived Normal"
